"DESCRIPTION","DURATION IN MS","NAME","PARENT SUITE","START TIME","STATUS","STOP TIME","SUB SUITE","SUITE","TEST CLASS","TEST METHOD"
"","1251","test_home_button","auto-spot-s","2026-10-01","passed","2026-10-01","elements","ui","",""
"","0","test_follow_playlist","auto-spot-s","2026-10-01","broken","2026-10-01","functional_tests","api","",""
"","11","test_about_ads_link","auto-spot-s","2026-10-01","passed","2026-10-01","elements","ui","",""
"","35502","test_no_user","auto-spot-s","2026-10-01","broken","2026-10-01","workflows","ui","",""
"","0","test_retry_after_header","auto-spot-s","2026-10-01","broken","2026-10-01","unit_tests","api","",""
"","35130","test_cookies_link","auto-spot-s","2026-10-01","failed","2026-10-01","elements","ui","",""
"","13","test_sign_up_button","auto-spot-s","2026-10-01","passed","2026-10-01","elements","ui","",""
"","0","test_unfollow_playlist","auto-spot-s","2026-10-01","skipped","2026-10-01","functional_tests","api","",""
"","0","test_remove_track_from_playlist","auto-spot-s","2026-10-01","skipped","2026-10-01","workflows","ui","",""
"","282","test_premium_button","auto-spot-s","2026-10-01","passed","2026-10-01","elements","ui","",""
"","0","test_add_track_to_playlist","auto-spot-s","2026-10-01","skipped","2026-10-01","workflows","ui","",""
"","0","test_user_nav_bar","auto-spot-s","2026-10-01","skipped","2026-10-01","workflows","ui","",""
"","0","test_logout","auto-spot-s","2026-10-01","skipped","2026-10-01","workflows","ui","",""
"","179","test_create_playlist","auto-spot-s","2026-10-01","passed","2026-10-01","elements","ui","",""
"","12","test_safety_and_privacy_center","auto-spot-s","2026-10-01","passed","2026-10-01","elements","ui","",""
"","13","test_login_button","auto-spot-s","2026-10-01","passed","2026-10-01","elements","ui","",""
"","75873","test_login","auto-spot-s","2026-10-01","broken","2026-10-01","workflows","ui","",""
"","17","test_legal_link","auto-spot-s","2026-10-01","passed","2026-10-01","elements","ui","",""
"","14","test_library_header","auto-spot-s","2026-10-01","passed","2026-10-01","elements","ui","",""
"","0","test_content_type_header","auto-spot-s","2026-10-01","broken","2026-10-01","unit_tests","api","",""
"","60","test_negative_case[invalid_id]","auto-spot-s","2026-10-01","failed","2026-10-01","unit_tests","api","",""
"","0","test_user_with_no_account","auto-spot-s","2026-10-01","skipped","2026-10-01","workflows","ui","",""
"","0","test_cache_control_header","auto-spot-s","2026-10-01","broken","2026-10-01","unit_tests","api","",""
"","43","test_negative_case[missing_artist_id]","auto-spot-s","2026-10-01","failed","2026-10-01","unit_tests","api","",""
"","0","test_delete_playlist","auto-spot-s","2026-10-01","skipped","2026-10-01","workflows","ui","",""
"","0","test_user_with_incorrect_creds","auto-spot-s","2026-10-01","skipped","2026-10-01","workflows","ui","",""
"","0","test_user_with_no_password","auto-spot-s","2026-10-01","skipped","2026-10-01","workflows","ui","",""
"","0","test_remove_playlist_items","auto-spot-s","2026-10-01","skipped","2026-10-01","functional_tests","api","",""
"","16","test_download_button","auto-spot-s","2026-10-01","passed","2026-10-01","elements","ui","",""
"","0","test_create_playlist","auto-spot-s","2026-10-01","broken","2026-10-01","workflows","ui","",""
"","993","test_search_bar","auto-spot-s","2026-10-01","passed","2026-10-01","elements","ui","",""
"","0","test_add_playlist_items","auto-spot-s","2026-10-01","skipped","2026-10-01","functional_tests","api","",""
"","13","test_privacy_policy_link","auto-spot-s","2026-10-01","passed","2026-10-01","elements","ui","",""
"","0","test_fields","auto-spot-s","2026-10-01","broken","2026-10-01","unit_tests","api","",""
"","38","test_negative_case[invalid_token]","auto-spot-s","2026-10-01","failed","2026-10-01","unit_tests","api","",""
"","100","test_install_app_button","auto-spot-s","2026-10-01","passed","2026-10-01","elements","ui","",""
"","10","test_accessibility_link","auto-spot-s","2026-10-01","passed","2026-10-01","elements","ui","",""
"","42","test_negative_case[incorrect_id]","auto-spot-s","2026-10-01","failed","2026-10-01","unit_tests","api","",""
"","143","test_support_button","auto-spot-s","2026-10-01","passed","2026-10-01","elements","ui","",""
